author,title,pages
N/A,LAST LAUGHS: Funny Tombstone Quotes and Famous Last Words,160
Kathleen E. Miller,A HEALING JUSTICE,288
Kristin von Kreisler,"TEST YOUR BIBLE KNOWLEDGE: 1,206 Questions to Sharpen Your Understanding of Scripture",226
Wilson Casey,NICE KITTY! A Cat Lover's Coloring Book,64
N/A,FRONTIER DESTINY: Preacher,568
William W. Johnstone,LONG ROAD TO MERCY,404
David Baldacci,THEY CALLED HIM PREACHER,569
William W. Johnstone,THE MEDICAL EXAMINER: BookShots,125
N/A,THE HEALING POWERS OF HONEY,394
Cal Orey,"'60S FLASHBACK: Time It Was, and What a Time It Was",95
N/A,THE SON,561
Philipp Meyer,SPAM: The Cookbook,64
Marguerite Patten,BARK OF NIGHT,291
David Rosenfelt,THE WORLD ALMANAC AND BOOK OF FACTS 2020,1008
N/A,TRUE BLUE,588
David Baldacci,MY SECRET MOTHER,248
Phyllis Whitsell,ROUGHING IT,591
Mark Twain,BEST KEPT SECRETS,441
Sandra Brown,IF YOU KNEW HER,373
Emily Elgar,CLAW ENFORCEMENT,294
Sofie Ryan,PEOPLE OF WALMART: Shop & Awe,216
Adam Kipple et al,PROMISE ME,416
Harlan Coben,"WEBSTER'S NEW WORLD COLLEGE DICTIONARY, FIFTH EDITION",1703
Edited by James E. Naso et al,COMPLETE TALES OF BEATRIX POTTER'S PETER RABBIT,88
N/A,CRAZY HOUSE,323
James Patterson & G. Charbonnet,THE GREAT DESTROYER: Barack Obama's War on the Republic,503
David Limbaugh,COLOR-BY-NUMBER BUTTERFLIES,112
Elizabeth T. Gilbert,MAFIA CRIMES: The History of the Mob,304
Al Cimino,THE CONSTITUTION AND OTHER DOCUMENTS OF THE FOUNDING FATHERS,270
Edited by Milton Creek Editorial Services,CHILDREN OF NAZIS,236
N/A,THE FALLEN,420
David Baldacci,THE LATE SHOW,405
Michael Connelly,HOLIDAY IN DEATH,326
J.D. Robb,SILENT SCREAM,388
Karen Harper,THE LONESOME GODS,545
Louis L'Amour,THE WORLD ALMANAC AND BOOK OF FACTS 2019,1008
Edited by Sarah Janssen,DARK SACRED NIGHT,433
Michael Connelly,THE CHEROKEE TRAIL,222
Louis L'Amour,THE PERFECT HUSBAND,402
Lisa Gardner,THE SLEEP SOLUTION: Why Your Sleep Is Broken and How to Fix It,262
W. Chris Winter,"UNCLE JOHN'S CANORAMIC BATHROOM READER, 27TH EDITION",544
the Bathroom Readers' Institute,HOW TO DISAPPEAR AND NEVER BE FOUND,205
Barry Davies,BROKEN BONE CHINA,306
Laura Childs,THE LOST ISLAND,355
D. Preston & L. Child,PREACHER: The Legendary Mountain Man,560
William W. Johnstone,"IN SUCH GOOD COMPANY: Eleven Years of Laughter, Mayhem, and Fun in the Sandbox",301
Carol Burnett,THE BOOK OF ENOCH,154
N/A,DEPTH OF WINTER,292
Craig Johnson,COME SUNDOWN,564
Nora Roberts,SLAUGHTER IN THE ASHES,287
William W. Johnstone,TO LOVE AND TO CHERISH,367
Leigh Greenwood,THE SECRETS OF BODY LANGUAGE: An Illustrated Guide to Knowing What People Are Really Thinking and Feeling,361
Philippe Turchet,PREACHER'S HELLSTORM,376
William W. & J.A. Johnstone,REDEMPTION,420
David Baldacci,A DEATH IN EDEN,305
Keith McCafferty,AS GOOD AS DEAD: The Daring Escape of American POWs from a Japanese Death Camp,358
Stephen L. Moore,THE CHILD,389
Fiona Barton,THE WINNER,641
David Baldacci,"GANGSTERS AND GOODFELLAS: The Mob, Witness Protection, and Life on the Run",273
Henry Hill as told to G. Russo,OUT OF CIRCULATION,289
Miranda James,ORCHARD VALLEY BRIDES,376
Debbie Macomber,EASY CARD TRICKS: Over 70 Tricks That Anyone Can Learn!,176
Peter Arnold,DIG YOUR OWN GRAVE,330
William W. & J.A. Johnstone,FULL DISCLOSURE,270
Stormy Daniels with K.C. O'Leary,"THE BIBLE BOOK BY BOOK: Study, Analyze, Understand",424
Edited by Richenda Milton-Daws,PERSPECTIVE FOR THE BEGINNING ARTIST,128
Mercedes Braunstein,SEA OF GREED,499
C. Cussler & G. Brown,"THE PILL BOOK, REVISED 15TH EDITION",1280
Edited by Harold M. Silverman,"UNCLE JOHN'S FACTASTIC BATHROOM READER, 28TH EDITION",510
N/A,"BODY LANGUAGE 101: The Ultimate Guide to Knowing When People Are Lying, How They Are Feeling, What They Are Thinking, and More",192
David Lambert,THE ALMOST SISTERS,342
Joshilyn Jackson,THE DROP,432
Michael Connelly,<i>TASTE OF HOME</i>,320
Edited by Hazel Wheaton,RAMPAGE OF THE MOUNTAIN MAN,334
William W. & J.A. Johnstone,LONG ROAD TO MERCY,472
David Baldacci,DIANA: Case Solved,262
Dylan Howard with C. McLaren,"THE COMPLETE JERKY BOOK: How to Dry, Cure, and Preserve Everything from Venison to Turkey",154
Monte Burch,RIDE THE RIVER,187
Louis L'Amour,SHAMED,294
Linda Castillo,THE ORIGINAL SUDOKU,405
the eds. at Nikoli Publishing,THE SIMPLE TRUTH,528
David Baldacci,THE GOOD FIGHT,383
Danielle Steel,THE SHADOW PRESIDENT: The Truth About Mike Pence,308
M. D'Antonio & P. Eisner,THE CIA WORLD FACTBOOK 2018-2019,1130
N/A,THE ESSENTIAL M1 GARAND: A Practical and Historical Guide for Shooters and Collectors,204
Jim Thompson,THE ASSHOLE SURVIVAL GUIDE,214
Robert I. Sutton,IMMORTAL IN DEATH,312
J.D. Robb,THE COMPLETE GUIDE TO DRAWING & ILLUSTRATION: A Practical and Inspirational Course for Artists of All Abilities,304
Peter Gray,"JESSE JAMES: The Life, Times, and Treacherous Death of the Most Infamous Outlaw of All Time",413
Frank Triplett,THE NIGHT THE LIGHTS WENT OUT,422
Karen White,TASTE OF HOME,448
Edited by A. Glander & H. Wheaton,THE STAND,1439
Stephen King,"5,000 SIDESPLITTING JOKES AND ONE-LINERS",302
N/A,MY CAPTIVITY: A Pioneer Woman's Story of Her Life Among the Sioux,285
Fanny Kelly,BETTY CROCKER BISQUICK TO THE RESCUE: More Than 100 Emergency Meals to Save the Day!,240